strategy_id,category,source,license,existing_or_new,mechanism,compatibility,estimator_information,hypothesis,contrast,expected_cost,risk,pass_rule,implementation_status,innovation_type,innovation_claim
FLOAT_TCN,representation_and_loss,"Existing local pix2pixHD baseline; https://doi.org/10.1016/j.ymssp.2025.112374",not_applicable,published_adaptation,"Replace 8-bit RGB and adversarial image synthesis with direct float spatiotemporal regression","Preserves 153x1000x3 output and matched B0/B1 inputs","Ground motion; optional sparse sensors and mask","Float regression reduces amplitude shrinkage and peak underestimation","FLOAT_TCN versus existing RGB pix2pixHD",medium,"May lose fine local texture or underfit spatial coupling","Lower physical RMSE without >2% peak degradation",implemented,"method improvement","Possible: direct float full-field regression removes image quantization as a confounder; prove with physical-unit and peak ablations."
SACNO,sensor_assimilation,"https://www.sciencedirect.com/science/article/pii/S0141029625019546; https://github.com/neuraloperator/neuraloperator",MIT_for_repository,new_combination,"Coordinate queries propagate masked sensor temporal features to every target node while a ground-motion operator supplies the sensor-free prior","Same parameters for zero and real masks; no target truth in input","Ground motion; sensor coordinates; available sensor acceleration and mask","Coordinate-conditioned masked fusion improves unobserved and pier response over broadcast/mean fusion","SACNO versus FLOAT_TCN under both B0 and B1",medium,"Coordinate proximity may not equal structural connectivity","At least 5% RMSE gain and stable pier metrics",implemented,"method innovation","Possible: a sensor-availability-conditioned coordinate operator performs topology-aware sparse-to-full seismic field assimilation with an exact zero-sensor limit."
NESTED_DUAL,training_and_architecture,"https://doi.org/10.1016/j.engstruct.2025.121454; https://www.sciencedirect.com/science/article/pii/S014102962600653X",not_available,new_proposed_mechanism,"One shared model decomposes the response into a ground-only prior field and a mask-gated sensor correction field and trains paired B0/B1 counterfactuals","Exactly preserves matched architecture and exposes B0/B1 from one checkpoint","Same deployment information as B0 or B1","Joint paired supervision improves B0 stability and makes B1 correction reliably beneficial","Joint nested model versus separately trained matched models",medium,"Ranking loss may suppress useful corrections or overfit validation behavior","B1 win rate >=65% and both modes competitive with separate models",implemented,"method innovation; viewpoint innovation","Possible: recast sparse-sensor reconstruction as an auditable prior-to-posterior field update within one nested operator rather than two unrelated networks."
PHYS_MULTI,objective,"https://www.sciencedirect.com/science/article/pii/S0893608025003168; https://doi.org/10.1016/j.ymssp.2025.112374",not_applicable,published_adaptation,"Combine robust waveform, temporal slope, spectral amplitude and peak losses in physical normalized space","No extra deployment information; full output retained","Training truth only for supervised loss","Multi-domain supervision reduces spectral bias and peak shrinkage","NESTED_DUAL with and without composite loss",medium,"Poor weights can destabilize training or overemphasize rare peaks","RMSE improvement with peak error non-degradation",implemented,"method improvement","Preliminary candidate: multi-domain physical supervision targets the known amplitude-shrinkage failure of image GAN response reconstruction."
MS_SACNO,representation,"https://www.sciencedirect.com/science/article/pii/S0141029625019546; https://github.com/neuraloperator/neuraloperator",MIT_for_repository,new_combination,"Add low-cost multi-receptive-field temporal branches to the ground and sensor encoders while retaining coordinate graph propagation and the exact zero-sensor limit","Full [B,3,153,1000] output; B0/B1 have identical architecture within the pair","Ground motion; sparse sensors and mask only when available","Multi-scale temporal receptive fields improve the sensor-free prior and preserve sensor-assisted corrections","MS_SACNO B0/B1 versus SACNO B0/B1 at matched budget","medium","More parameters and possible over-smoothing across frequencies","B0 nRMSE and peak error both improve without B1 regression",implemented,"method innovation","Possible: a multi-scale temporal prior operator addresses the low-frequency/high-frequency mixture that limits sensor-free spatial response recovery."
PEAK_BALANCED,objective,"https://www.sciencedirect.com/science/article/pii/S0141029625019546; https://www.sciencedirect.com/science/article/pii/S0141029626010060",not_applicable,new_adaptation,"Use a small gradient-balanced peak-aware loss and include normalized peak relative error in model selection","No deployment truth; peak target is used only during supervised training and post-hoc evaluation","Ground motion; sparse sensors and mask only when available","Peak-balanced supervision reduces acceleration peak attenuation without sacrificing global full-field nRMSE","PEAK_SACNO versus SACNO with identical architecture and data","low-medium","Peak emphasis can hurt waveform error or overfit rare records","Peak absolute error improves and nRMSE degradation <2%",implemented,"method innovation; viewpoint innovation","Preliminary: treat peak response as a first-class field objective rather than a secondary visual metric; prove with waveform/peak Pareto analysis."
QG_SACNO_ROBUST,observation_and_deployment,"https://www.sciencedirect.com/science/article/pii/S0141029626012691; https://www.sciencedirect.com/science/article/pii/S0141029626010060",not_applicable,new_proposed_mechanism,"Multiply coordinate attention by a learned sensor-quality gate and train with normalized sensor noise and random sensor dropout","Exact zero-mask correction remains zero; B0/B1 remain the same architecture and output","Only noisy sparse sensors and availability mask; no full-field truth","Quality gating improves robustness under sensor corruption while preserving clean full-field accuracy","QG_SACNO B0/B1 clean and stressed evaluation versus SACNO","medium","Quality gate may suppress useful but low-amplitude sensors or add variance","Stressed B1 peak and RMSE improve with clean B1 degradation <2%",implemented,"method innovation; application innovation","Possible: an availability- and quality-conditioned posterior correction converts sparse virtual sensing from an all-or-nothing assumption into a deployable sensor-health-aware operator."
AMS_SACNO,architecture,"https://www.sciencedirect.com/science/article/pii/S0141029625019546; https://www.sciencedirect.com/science/article/pii/S0141029626010060",not_applicable,new_proposed_mechanism,"Use a sample-adaptive soft gate over short-, medium- and long-receptive-field temporal branches before coordinate graph propagation","Same adaptive operator and output shape for B0/B1; gate uses only ground or available sensor windows","Ground motion; sparse sensors and mask only when available","Event-dependent scale selection should reduce fixed-receptive-field bias in mixed low/high-frequency seismic responses","AMS_SACNO versus fixed-scale SACNO/MS_SACNO under clean and stressed matched pairs","medium","The gate may collapse to one scale or overfit the small training set","Improves both B0 and B1 full-field nRMSE or gives a Pareto improvement in peak error without clean regression",implemented,"method innovation","Candidate contribution: a sensor-availability-conditioned neural operator with sample-adaptive temporal scale selection for rapid full-field seismic response reconstruction."
MS_PEAK_SACNO,architecture_and_objective,"https://www.sciencedirect.com/science/article/pii/S0141029625019546; https://www.sciencedirect.com/science/article/pii/S0141029626010060",not_applicable,new_combination,"Combine fixed multi-scale temporal encoding with the gradient-balanced peak-aware objective","No extra deployment information; B0/B1 share the same architecture and loss under each pair","Ground motion; sparse sensors and mask only when available","Separating temporal-scale representation from peak-risk supervision may improve both waveform and acceleration-peak recovery","MS_PEAK_SACNO versus MS_SACNO and PEAK_SACNO matched pairs","medium","Two improvements may interact non-additively and peak emphasis can degrade global error","Dominates the corresponding single-factor model on at least two of nRMSE, peak ARE and pier-top RMSE",implemented,"method innovation; objective innovation","Candidate contribution: jointly optimize full-field waveform fidelity and extreme-response recovery within a single sparse-to-full operator."
